id,author
1,MWS
2,EAP
3,EAP
4,MWS
5,HPL
6,EAP
7,EAP
8,EAP
9,MWS
10,EAP
11,MWS
12,MWS
13,MWS
14,EAP
15,MWS
16,HPL
17,EAP
18,EAP
19,EAP
20,EAP
21,EAP
22,MWS
23,MWS
24,EAP
25,MWS
26,EAP
27,MWS
28,MWS
29,MWS
30,MWS
31,HPL
32,EAP
33,HPL
34,MWS
35,HPL
36,EAP
37,EAP
38,MWS
39,HPL
40,HPL
41,HPL
42,EAP
43,EAP
44,HPL
45,EAP
46,EAP
47,HPL
48,EAP
49,HPL
50,HPL
51,MWS
52,HPL
53,EAP
54,MWS
55,HPL
56,MWS
57,EAP
58,HPL
59,EAP
60,MWS
61,HPL
62,MWS
63,MWS
64,HPL
65,MWS
66,EAP
67,MWS
68,EAP
69,EAP
70,MWS
71,EAP
72,HPL
73,EAP
74,EAP
75,EAP
76,HPL
77,HPL
78,HPL
79,MWS
80,HPL
81,EAP
82,HPL
83,HPL
84,EAP
85,MWS
86,HPL
87,MWS
88,MWS
89,MWS
90,EAP
91,MWS
92,MWS
93,EAP
94,MWS
95,MWS
96,EAP
97,EAP
98,HPL
99,HPL
100,HPL
101,MWS
102,MWS
103,MWS
104,EAP
105,MWS
106,HPL
107,EAP
108,EAP
109,EAP
110,HPL
111,HPL
112,HPL
113,EAP
114,EAP
115,MWS
116,MWS
117,HPL
118,EAP
119,MWS
120,HPL
121,HPL
122,MWS
123,HPL
124,EAP
125,HPL
126,EAP
127,EAP
128,MWS
129,MWS
130,MWS
131,HPL
132,MWS
133,MWS
134,HPL
135,MWS
136,HPL
137,HPL
138,EAP
139,EAP
140,MWS
141,HPL
142,EAP
143,EAP
144,EAP
145,EAP
146,MWS
147,EAP
148,MWS
149,HPL
150,MWS
151,EAP
152,HPL
153,HPL
154,MWS
155,HPL
156,MWS
157,HPL
158,MWS
159,EAP
160,MWS
161,MWS
162,EAP
163,MWS
164,MWS
165,HPL
166,MWS
167,HPL
168,EAP
169,HPL
170,HPL
171,EAP
172,HPL
173,EAP
174,MWS
175,MWS
176,HPL
177,MWS
178,EAP
179,MWS
180,EAP
181,MWS
182,HPL
183,MWS
184,MWS
185,MWS
186,EAP
187,EAP
188,HPL
189,EAP
190,MWS
191,MWS
192,EAP
193,MWS
194,HPL
195,HPL
196,EAP
197,EAP
198,HPL
199,HPL
200,EAP
201,EAP
202,EAP
203,MWS
204,EAP
205,EAP
206,MWS
207,HPL
208,EAP
209,MWS
210,EAP
211,EAP
212,MWS
213,HPL
214,MWS
215,EAP
216,HPL
217,MWS
218,MWS
219,HPL
220,EAP
221,MWS
222,MWS
223,MWS
224,EAP
225,MWS
226,HPL
227,HPL
228,MWS
229,MWS
230,HPL
231,HPL
232,MWS
233,HPL
234,EAP
235,EAP
236,EAP
237,EAP
238,HPL
239,EAP
240,MWS
241,MWS
242,EAP
243,MWS
244,EAP
245,EAP
246,EAP
247,MWS
248,MWS
249,EAP
250,EAP
251,EAP
252,EAP
253,HPL
254,EAP
255,MWS
256,EAP
257,HPL
258,MWS
259,HPL
260,EAP
261,MWS
262,EAP
263,MWS
264,MWS
265,MWS
266,HPL
267,EAP
268,HPL
269,HPL
270,EAP
271,EAP
272,EAP
273,MWS
274,HPL
275,HPL
276,HPL
277,HPL
278,HPL
279,MWS
280,EAP
281,MWS
282,MWS
283,MWS
284,EAP
285,EAP
286,HPL
287,MWS
288,HPL
289,EAP
290,EAP
291,EAP
292,EAP
293,MWS
294,HPL
295,EAP
296,HPL
297,EAP
298,HPL
299,HPL
300,EAP
301,EAP
302,HPL
303,MWS
304,EAP
305,EAP
306,MWS
307,MWS
308,EAP
309,EAP
310,EAP
311,EAP
312,HPL
313,HPL
314,HPL
315,EAP
316,HPL
317,EAP
318,EAP
319,HPL
320,EAP
321,HPL
322,HPL
323,HPL
324,HPL
325,HPL
326,MWS
327,MWS
328,MWS
329,MWS
330,MWS
331,HPL
332,EAP
333,EAP
334,HPL
335,EAP
336,EAP
337,MWS
338,MWS
339,MWS
340,EAP
341,MWS
342,HPL
343,EAP
344,EAP
345,MWS
346,HPL
347,MWS
348,MWS
349,EAP
350,EAP
351,MWS
352,EAP
353,EAP
354,EAP
355,MWS
356,EAP
357,MWS
358,EAP
359,HPL
360,EAP
361,MWS
362,EAP
363,MWS
364,MWS
365,EAP
366,MWS
367,EAP
368,HPL
369,MWS
370,MWS
371,MWS
372,MWS
373,HPL
374,HPL
375,EAP
376,MWS
377,MWS
378,HPL
379,EAP
380,HPL
381,HPL
382,EAP
383,MWS
384,MWS
385,HPL
386,HPL
387,HPL
388,EAP
389,EAP
390,HPL
391,MWS
392,MWS
393,EAP
394,EAP
395,MWS
396,EAP
397,MWS
398,HPL
399,EAP
400,HPL
401,EAP
402,EAP
403,HPL
404,HPL
405,EAP
406,HPL
407,MWS
408,MWS
409,HPL
410,MWS
411,MWS
412,MWS
413,EAP
414,MWS
415,MWS
416,HPL
417,MWS
418,EAP
419,EAP
420,HPL
421,EAP
422,EAP
423,MWS
424,MWS
425,EAP
426,HPL
427,HPL
428,MWS
429,EAP
430,MWS
431,HPL
432,EAP
433,MWS
434,MWS
435,HPL
436,MWS
437,HPL
438,HPL
439,EAP
440,EAP
441,MWS
442,HPL
443,HPL
444,EAP
445,EAP
446,HPL
447,EAP
448,MWS
449,HPL
450,EAP
451,MWS
452,HPL
453,MWS
454,MWS
455,HPL
456,MWS
457,EAP
458,EAP
459,EAP
460,MWS
461,EAP
462,MWS
463,EAP
464,HPL
465,MWS
466,MWS
467,EAP
468,HPL
469,EAP
470,EAP
471,HPL
472,HPL
473,EAP
474,HPL
475,EAP
476,MWS
477,EAP
478,MWS
479,EAP
480,HPL
481,MWS
482,HPL
483,MWS
484,MWS
485,EAP
486,EAP
487,EAP
488,EAP
489,HPL
490,EAP
491,EAP
492,MWS
493,HPL
494,HPL
495,MWS
496,MWS
497,EAP
498,HPL
499,EAP
500,MWS
501,EAP
502,HPL
503,EAP
504,HPL
505,EAP
506,EAP
507,HPL
508,HPL
509,HPL
510,EAP
511,EAP
512,EAP
513,MWS
514,EAP
515,HPL
516,HPL
517,HPL
518,EAP
519,HPL
520,HPL
521,MWS
522,MWS
523,HPL
524,MWS
525,MWS
526,HPL
527,EAP
528,EAP
529,HPL
530,EAP
531,MWS
532,HPL
533,EAP
534,EAP
535,MWS
536,HPL
537,HPL
538,MWS
539,HPL
540,HPL
541,MWS
542,MWS
543,EAP
544,HPL
545,MWS
546,EAP
547,HPL
548,EAP
549,MWS
550,HPL
551,EAP
552,MWS
553,MWS
554,MWS
555,MWS
556,MWS
557,MWS
558,MWS
559,EAP
560,HPL
561,HPL
562,EAP
563,MWS
564,HPL
565,MWS
566,HPL
567,MWS
568,EAP
569,MWS
570,HPL
571,MWS
572,HPL
573,MWS
574,HPL
575,HPL
576,HPL
577,MWS
578,HPL
579,MWS
580,EAP
581,EAP
582,HPL
583,MWS
584,HPL
585,MWS
586,MWS
587,EAP
588,MWS
589,MWS
590,HPL
591,HPL
592,MWS
593,EAP
594,HPL
595,HPL
596,EAP
597,HPL
598,MWS
599,MWS
600,MWS
601,HPL
602,HPL
603,HPL
604,HPL
605,MWS
606,EAP
607,MWS
608,HPL
609,MWS
610,EAP
611,MWS
612,EAP
613,HPL
614,MWS
615,MWS
616,MWS
617,MWS
618,HPL
619,EAP
620,EAP
621,MWS
622,HPL
623,EAP
624,EAP
625,EAP
626,EAP
627,EAP
628,EAP
629,HPL
630,MWS
631,EAP
632,HPL
633,HPL
634,MWS
635,MWS
636,EAP
637,MWS
638,MWS
639,HPL
640,HPL
641,HPL
642,EAP
643,EAP
644,MWS
645,MWS
646,EAP
647,EAP
648,HPL
649,EAP
650,EAP
651,MWS
652,MWS
653,HPL
654,EAP
655,MWS
656,EAP
657,EAP
658,HPL
659,EAP
660,HPL
661,MWS
662,MWS
663,MWS
664,MWS
665,HPL
666,HPL
667,MWS
668,MWS
669,MWS
670,HPL
671,MWS
672,HPL
673,EAP
674,MWS
675,HPL
676,HPL
677,HPL
678,EAP
679,MWS
680,HPL
681,MWS
682,HPL
683,MWS
684,EAP
685,HPL
686,HPL
687,EAP
688,MWS
689,HPL
690,EAP
691,HPL
692,HPL
693,HPL
694,MWS
695,EAP
696,EAP
697,EAP
698,EAP
699,HPL
700,MWS
701,EAP
702,MWS
703,EAP
704,EAP
705,HPL
706,HPL
707,HPL
708,MWS
709,HPL
710,HPL
711,EAP
712,EAP
713,HPL
714,HPL
715,MWS
716,MWS
717,EAP
718,MWS
719,HPL
720,HPL
721,EAP
722,HPL
723,HPL
724,HPL
725,HPL
726,MWS
727,MWS
728,MWS
729,MWS
730,MWS
731,EAP
732,HPL
733,EAP
734,HPL
735,HPL
736,HPL
737,EAP
738,HPL
739,HPL
740,MWS
741,MWS
742,HPL
743,MWS
744,EAP
745,HPL
746,EAP
747,MWS
748,MWS
749,EAP
750,HPL
751,MWS
752,MWS
753,MWS
754,EAP
755,EAP
756,MWS
757,HPL
758,EAP
759,HPL
760,EAP
761,EAP
762,HPL
763,HPL
764,HPL
765,EAP
766,HPL
767,HPL
768,HPL
769,HPL
770,HPL
771,HPL
772,HPL
773,EAP
774,HPL
775,EAP
776,MWS
777,MWS
778,EAP
779,HPL
780,EAP
781,MWS
782,EAP
783,MWS
784,EAP
785,EAP
786,EAP
787,EAP
788,EAP
789,MWS
790,EAP
791,EAP
792,EAP
793,HPL
794,MWS
795,EAP
796,MWS
797,EAP
798,HPL
799,MWS
800,HPL
801,HPL
802,EAP
803,MWS
804,MWS
805,MWS
806,MWS
807,EAP
808,EAP
809,HPL
810,EAP
811,MWS
812,EAP
813,HPL
814,MWS
815,MWS
816,HPL
817,HPL
818,MWS
819,EAP
820,EAP
821,MWS
822,MWS
823,MWS
824,EAP
825,EAP
826,MWS
827,HPL
828,MWS
829,MWS
830,EAP
831,MWS
832,EAP
833,HPL
834,MWS
835,HPL
836,MWS
837,HPL
838,EAP
839,MWS
840,MWS
841,HPL
842,EAP
843,HPL
844,HPL
845,EAP
846,HPL
847,HPL
848,MWS
849,HPL
850,MWS
851,EAP
852,HPL
853,EAP
854,MWS
855,MWS
856,MWS
857,HPL
858,MWS
859,MWS
860,HPL
861,HPL
862,HPL
863,MWS
864,MWS
865,HPL
866,HPL
867,EAP
868,EAP
869,HPL
870,HPL
871,EAP
872,HPL
873,MWS
874,MWS
875,MWS
876,HPL
877,HPL
878,EAP
879,HPL
880,HPL
881,EAP
882,HPL
883,EAP
884,HPL
885,HPL
886,HPL
887,HPL
888,MWS
889,MWS
890,HPL
891,MWS
892,EAP
893,MWS
894,EAP
895,EAP
896,EAP
897,MWS
898,HPL
899,HPL
900,MWS
901,EAP
902,MWS
903,HPL
904,MWS
905,MWS
906,HPL
907,HPL
908,EAP
909,EAP
910,HPL
911,EAP
912,HPL
913,MWS
914,EAP
915,HPL
916,MWS
917,MWS
918,HPL
919,HPL
920,MWS
921,MWS
922,HPL
923,HPL
924,MWS
925,MWS
926,HPL
927,HPL
928,MWS
929,HPL
930,HPL
931,HPL
932,HPL
933,EAP
934,EAP
935,MWS
936,EAP
937,HPL
938,EAP
939,MWS
940,MWS
941,MWS
942,EAP
943,EAP
944,EAP
945,MWS
946,HPL
947,HPL
948,MWS
949,MWS
950,MWS
951,MWS
952,HPL
953,EAP
954,EAP
955,HPL
956,EAP
957,HPL
958,EAP
959,HPL
960,EAP
961,MWS
962,MWS
963,EAP
964,HPL
965,EAP
966,EAP
967,MWS
968,HPL
969,MWS
970,EAP
971,MWS
972,HPL
973,EAP
974,EAP
975,MWS
976,HPL
977,HPL
978,HPL
979,HPL
980,HPL
981,EAP
982,EAP
983,HPL
984,HPL
985,EAP
986,EAP
987,HPL
988,HPL
989,EAP
990,MWS
991,MWS
992,MWS
993,EAP
994,EAP
995,EAP
996,MWS
997,HPL
998,EAP
999,EAP
1000,EAP
1001,MWS
1002,HPL
1003,MWS
1004,MWS
1005,MWS
1006,EAP
1007,MWS
1008,HPL
1009,HPL
1010,HPL
1011,HPL
1012,MWS
1013,HPL
1014,HPL
1015,MWS
1016,MWS
1017,EAP
1018,MWS
1019,MWS
1020,EAP
1021,EAP
1022,MWS
1023,EAP
1024,HPL
1025,MWS
1026,EAP
1027,EAP
1028,EAP
1029,EAP
1030,MWS
1031,EAP
1032,EAP
1033,EAP
1034,HPL
1035,HPL
1036,MWS
1037,MWS
1038,HPL
1039,HPL
1040,EAP
1041,EAP
1042,HPL
1043,MWS
1044,HPL
1045,MWS
1046,HPL
1047,EAP
1048,MWS
1049,EAP
1050,HPL
1051,MWS
1052,MWS
1053,MWS
1054,EAP
1055,HPL
1056,EAP
1057,MWS
1058,EAP
1059,MWS
1060,EAP
1061,HPL
1062,EAP
1063,EAP
1064,EAP
1065,EAP
1066,HPL
1067,MWS
1068,MWS
1069,MWS
1070,HPL
1071,HPL
1072,EAP
1073,HPL
1074,MWS
1075,HPL
1076,MWS
1077,HPL
1078,HPL
1079,MWS
1080,MWS
1081,HPL
1082,HPL
1083,EAP
1084,MWS
1085,EAP
1086,HPL
1087,MWS
1088,HPL
1089,MWS
1090,HPL
1091,EAP
1092,EAP
1093,EAP
1094,MWS
1095,MWS
1096,MWS
1097,EAP
1098,MWS
1099,HPL
1100,MWS
1101,EAP
1102,EAP
1103,HPL
1104,MWS
1105,MWS
1106,HPL
1107,HPL
1108,EAP
1109,MWS
1110,HPL
1111,MWS
1112,HPL
1113,EAP
1114,HPL
1115,HPL
1116,HPL
1117,HPL
1118,HPL
1119,MWS
1120,EAP
1121,EAP
1122,HPL
1123,HPL
1124,MWS
1125,HPL
1126,HPL
1127,MWS
1128,HPL
1129,MWS
1130,EAP
1131,HPL
1132,EAP
1133,HPL
1134,HPL
1135,HPL
1136,EAP
1137,HPL
1138,MWS
1139,EAP
1140,MWS
1141,MWS
1142,HPL
1143,HPL
1144,EAP
1145,EAP
1146,MWS
1147,HPL
1148,MWS
1149,HPL
1150,MWS
1151,HPL
1152,EAP
1153,EAP
1154,HPL
1155,MWS
1156,EAP
1157,HPL
1158,HPL
1159,MWS
1160,HPL
1161,EAP
1162,EAP
1163,MWS
1164,MWS
1165,EAP
1166,MWS
1167,EAP
1168,HPL
1169,MWS
1170,EAP
1171,MWS
1172,HPL
1173,EAP
1174,EAP
1175,EAP
1176,HPL
1177,EAP
1178,MWS
1179,EAP
1180,HPL
1181,MWS
1182,HPL
1183,MWS
1184,MWS
1185,HPL
1186,HPL
1187,HPL
1188,HPL
1189,EAP
1190,HPL
1191,MWS
1192,EAP
1193,HPL
1194,EAP
1195,MWS
1196,MWS
1197,MWS
1198,EAP
1199,EAP
1200,HPL
1201,HPL
1202,HPL
1203,MWS
1204,HPL
1205,EAP
1206,HPL
1207,MWS
1208,HPL
1209,MWS
1210,MWS
1211,MWS
1212,HPL
1213,EAP
1214,HPL
1215,MWS
1216,HPL
1217,HPL
1218,HPL
1219,MWS
1220,MWS
1221,HPL
1222,HPL
1223,HPL
1224,EAP
1225,MWS
1226,EAP
1227,MWS
1228,HPL
1229,EAP
1230,HPL
1231,EAP
1232,HPL
1233,MWS
1234,HPL
1235,MWS
1236,HPL
1237,HPL
1238,MWS
1239,MWS
1240,EAP
1241,HPL
1242,EAP
1243,EAP
1244,MWS
1245,MWS
1246,HPL
1247,EAP
1248,HPL
1249,EAP
1250,MWS
1251,HPL
1252,EAP
1253,MWS
1254,EAP
1255,HPL
1256,MWS
1257,EAP
1258,EAP
1259,HPL
1260,HPL
1261,HPL
1262,MWS
1263,MWS
1264,HPL
1265,MWS
1266,EAP
1267,HPL
1268,MWS
1269,MWS
1270,HPL
1271,HPL
1272,MWS
1273,MWS
1274,HPL
1275,MWS
1276,EAP
1277,MWS
1278,EAP
1279,EAP
1280,MWS
1281,MWS
1282,HPL
1283,EAP
1284,MWS
1285,EAP
1286,HPL
1287,EAP
1288,MWS
1289,MWS
1290,EAP
1291,HPL
1292,EAP
1293,MWS
1294,HPL
1295,EAP
1296,EAP
1297,HPL
1298,EAP
1299,HPL
1300,HPL
1301,HPL
1302,HPL
1303,EAP
1304,EAP
1305,MWS
1306,HPL
1307,MWS
1308,MWS
1309,EAP
1310,EAP
1311,EAP
1312,EAP
1313,MWS
1314,HPL
1315,MWS
1316,MWS
1317,EAP
1318,HPL
1319,MWS
1320,EAP
1321,EAP
1322,HPL
1323,MWS
1324,HPL
1325,HPL
1326,HPL
1327,MWS
1328,EAP
1329,HPL
1330,HPL
1331,MWS
1332,MWS
1333,EAP
1334,EAP
1335,HPL
1336,HPL
1337,MWS
1338,HPL
1339,MWS
1340,HPL
1341,MWS
1342,HPL
1343,HPL
1344,HPL
1345,EAP
1346,HPL
1347,HPL
1348,EAP
1349,EAP
1350,HPL
1351,MWS
1352,HPL
1353,MWS
1354,HPL
1355,MWS
1356,HPL
1357,EAP
1358,MWS
1359,HPL
1360,HPL
1361,EAP
1362,MWS
1363,MWS
1364,MWS
1365,EAP
1366,MWS
1367,MWS
1368,HPL
1369,HPL
1370,EAP
1371,MWS
1372,HPL
1373,EAP
1374,MWS
1375,EAP
1376,MWS
1377,HPL
1378,MWS
1379,MWS
1380,MWS
1381,MWS
1382,EAP
1383,MWS
1384,EAP
1385,MWS
1386,MWS
1387,EAP
1388,HPL
1389,HPL
1390,EAP
1391,MWS
1392,HPL
1393,MWS
1394,EAP
1395,EAP
1396,HPL
1397,HPL
1398,MWS
1399,HPL
1400,EAP
1401,EAP
1402,EAP
1403,MWS
1404,HPL
1405,MWS
1406,MWS
1407,HPL
1408,EAP
1409,HPL
1410,HPL
1411,HPL
1412,MWS
1413,HPL
1414,EAP
1415,HPL
1416,EAP
1417,EAP
1418,EAP
1419,MWS
1420,MWS
1421,MWS
1422,HPL
1423,MWS
1424,HPL
1425,EAP
1426,HPL
1427,EAP
1428,HPL
1429,MWS
1430,EAP
1431,HPL
1432,HPL
1433,MWS
1434,MWS
1435,MWS
1436,HPL
1437,MWS
1438,HPL
1439,MWS
1440,HPL
1441,EAP
1442,MWS
1443,EAP
1444,HPL
1445,EAP
1446,MWS
1447,MWS
1448,HPL
1449,MWS
1450,EAP
1451,MWS
1452,EAP
1453,MWS
1454,HPL
1455,MWS
1456,HPL
1457,MWS
1458,HPL
1459,EAP
1460,EAP
1461,EAP
1462,EAP
1463,HPL
1464,HPL
1465,EAP
1466,EAP
1467,EAP
1468,MWS
1469,EAP
1470,HPL
1471,HPL
1472,HPL
1473,MWS
1474,MWS
1475,MWS
1476,MWS
1477,HPL
1478,MWS
1479,MWS
1480,MWS
1481,EAP
1482,HPL
1483,MWS
1484,EAP
1485,HPL
1486,MWS
1487,HPL
1488,HPL
1489,EAP
1490,MWS
1491,HPL
1492,EAP
1493,HPL
1494,HPL
1495,EAP
1496,HPL
1497,EAP
1498,MWS
1499,HPL
1500,MWS
1501,MWS
1502,HPL
1503,EAP
1504,HPL
1505,HPL
1506,EAP
1507,EAP
1508,HPL
1509,EAP
1510,MWS
1511,EAP
1512,MWS
1513,MWS
1514,MWS
1515,EAP
1516,EAP
1517,HPL
1518,EAP
1519,EAP
1520,MWS
1521,EAP
1522,EAP
1523,MWS
1524,EAP
1525,MWS
1526,EAP
1527,EAP
1528,HPL
1529,EAP
1530,MWS
1531,EAP
1532,HPL
1533,EAP
1534,EAP
1535,MWS
1536,HPL
1537,EAP
1538,EAP
1539,MWS
1540,EAP
1541,EAP
1542,EAP
1543,HPL
1544,EAP
1545,MWS
1546,HPL
1547,EAP
1548,EAP
1549,HPL
1550,EAP
1551,EAP
1552,MWS
1553,HPL
1554,MWS
1555,EAP
1556,MWS
1557,EAP
1558,HPL
1559,HPL
1560,HPL
1561,MWS
1562,MWS
1563,EAP
1564,HPL
1565,MWS
1566,EAP
1567,MWS
1568,EAP
1569,MWS
1570,MWS
1571,MWS
1572,HPL
1573,HPL
1574,MWS
1575,EAP
1576,EAP
1577,HPL
1578,HPL
1579,HPL
1580,MWS
1581,EAP
1582,HPL
1583,MWS
1584,HPL
1585,EAP
1586,EAP
1587,HPL
1588,MWS
1589,EAP
1590,EAP
1591,EAP
1592,HPL
1593,MWS
1594,MWS
1595,MWS
1596,MWS
1597,MWS
1598,HPL
1599,HPL
1600,MWS
1601,MWS
1602,HPL
1603,HPL
1604,MWS
1605,MWS
1606,HPL
1607,EAP
1608,MWS
1609,EAP
1610,MWS
1611,MWS
1612,MWS
1613,MWS
1614,EAP
1615,HPL
1616,HPL
1617,EAP
1618,HPL
1619,HPL
1620,HPL
1621,HPL
1622,HPL
1623,MWS
1624,EAP
1625,HPL
1626,HPL
1627,HPL
1628,MWS
1629,HPL
1630,HPL
1631,EAP
1632,MWS
1633,HPL
1634,EAP
1635,EAP
1636,EAP
1637,EAP
1638,HPL
1639,EAP
1640,MWS
1641,MWS
1642,HPL
1643,EAP
1644,MWS
1645,EAP
1646,MWS
1647,MWS
1648,MWS
1649,HPL
1650,MWS
1651,EAP
1652,HPL
1653,HPL
1654,MWS
1655,HPL
1656,MWS
1657,EAP
1658,HPL
1659,MWS
1660,HPL
1661,HPL
1662,EAP
1663,MWS
1664,MWS
1665,EAP
1666,EAP
1667,MWS
1668,HPL
1669,EAP
1670,EAP
1671,HPL
1672,MWS
1673,HPL
1674,EAP
1675,HPL
1676,MWS
1677,EAP
1678,HPL
1679,MWS
1680,MWS
1681,MWS
1682,MWS
1683,MWS
1684,MWS
1685,EAP
1686,MWS
1687,MWS
1688,MWS
1689,HPL
1690,EAP
1691,EAP
1692,HPL
1693,MWS
1694,HPL
1695,HPL
1696,HPL
1697,EAP
1698,EAP
1699,EAP
1700,MWS
1701,MWS
1702,HPL
1703,EAP
1704,EAP
1705,MWS
1706,MWS
1707,EAP
1708,EAP
1709,MWS
1710,MWS
1711,EAP
1712,HPL
1713,HPL
1714,HPL
1715,HPL
1716,EAP
1717,HPL
1718,HPL
1719,MWS
1720,HPL
1721,MWS
1722,MWS
1723,EAP
1724,EAP
1725,EAP
1726,EAP
1727,MWS
1728,EAP
1729,MWS
1730,EAP
1731,HPL
1732,HPL
1733,MWS
1734,HPL
1735,HPL
1736,MWS
1737,HPL
1738,HPL
1739,HPL
1740,EAP
1741,MWS
1742,EAP
1743,HPL
1744,HPL
1745,EAP
1746,HPL
1747,MWS
1748,MWS
1749,MWS
1750,HPL
1751,MWS
1752,MWS
1753,HPL
1754,EAP
1755,EAP
1756,HPL
1757,MWS
1758,EAP
1759,EAP
1760,EAP
1761,HPL
1762,EAP
1763,EAP
1764,HPL
1765,HPL
1766,HPL
1767,EAP
1768,EAP
1769,HPL
1770,MWS
1771,HPL
1772,EAP
1773,EAP
1774,HPL
1775,MWS
1776,MWS
1777,EAP
1778,MWS
1779,MWS
1780,MWS
1781,HPL
1782,EAP
1783,HPL
1784,MWS
1785,EAP
1786,HPL
1787,EAP
1788,HPL
1789,EAP
1790,HPL
1791,MWS
1792,HPL
1793,MWS
1794,HPL
1795,MWS
1796,MWS
1797,HPL
1798,HPL
1799,EAP
1800,HPL
1801,EAP
1802,HPL
1803,EAP
1804,MWS
1805,HPL
1806,MWS
1807,HPL
1808,EAP
1809,HPL
1810,EAP
1811,EAP
1812,HPL
1813,MWS
1814,HPL
1815,MWS
1816,EAP
1817,HPL
1818,HPL
1819,MWS
1820,HPL
1821,EAP
1822,HPL
1823,EAP
1824,EAP
1825,MWS
1826,MWS
1827,EAP
1828,MWS
1829,MWS
1830,EAP
1831,HPL
1832,HPL
1833,MWS
1834,MWS
1835,EAP
1836,EAP
1837,EAP
1838,EAP
1839,HPL
1840,EAP
1841,EAP
1842,MWS
1843,EAP
1844,MWS
1845,EAP
1846,EAP
1847,MWS
1848,HPL
1849,HPL
1850,MWS
1851,MWS
1852,HPL
1853,MWS
1854,MWS
1855,MWS
1856,MWS
1857,MWS
1858,HPL
1859,MWS
1860,HPL
1861,EAP
1862,HPL
1863,EAP
1864,HPL
1865,HPL
1866,MWS
1867,HPL
1868,HPL
1869,MWS
1870,EAP
1871,HPL
1872,MWS
1873,EAP
1874,HPL
1875,HPL
1876,HPL
1877,EAP
1878,EAP
1879,HPL
1880,HPL
1881,EAP
1882,MWS
1883,EAP
1884,MWS
1885,MWS
1886,MWS
1887,HPL
1888,HPL
1889,MWS
1890,MWS
1891,MWS
1892,EAP
1893,HPL
1894,MWS
1895,MWS
1896,EAP
1897,HPL
1898,MWS
1899,HPL
1900,MWS
1901,EAP
1902,EAP
1903,HPL
1904,EAP
1905,HPL
1906,MWS
1907,EAP
1908,MWS
1909,MWS
1910,EAP
1911,EAP
1912,EAP
1913,MWS
1914,HPL
1915,HPL
1916,MWS
1917,MWS
1918,MWS
1919,EAP
1920,HPL
1921,HPL
1922,HPL
1923,HPL
1924,HPL
1925,HPL
1926,MWS
1927,MWS
1928,EAP
1929,MWS
1930,MWS
1931,HPL
1932,EAP
1933,HPL
1934,EAP
1935,MWS
1936,MWS
1937,HPL
1938,HPL
1939,HPL
1940,MWS
1941,MWS
1942,MWS
1943,EAP
1944,HPL
1945,EAP
1946,MWS
1947,MWS
1948,EAP
1949,HPL
1950,HPL
1951,MWS
1952,MWS
1953,MWS
1954,HPL
1955,EAP
1956,MWS
1957,MWS
1958,EAP
1959,HPL
1960,MWS
1961,HPL
1962,MWS
1963,HPL
1964,EAP
1965,MWS
1966,MWS
1967,MWS
1968,MWS
1969,MWS
1970,EAP
1971,MWS
1972,MWS
1973,HPL
1974,MWS
1975,HPL
1976,EAP
1977,HPL
1978,HPL
1979,EAP
1980,EAP
1981,HPL
1982,HPL
1983,EAP
1984,EAP
1985,EAP
1986,EAP
1987,EAP
1988,HPL
1989,EAP
1990,MWS
1991,MWS
1992,MWS
1993,MWS
1994,EAP
1995,MWS
1996,HPL
1997,MWS
1998,EAP
1999,MWS
2000,HPL
2001,EAP
2002,EAP
2003,EAP
2004,MWS
2005,MWS
2006,EAP
2007,MWS
2008,HPL
2009,EAP
2010,HPL
2011,HPL
2012,MWS
2013,MWS
2014,EAP
2015,HPL
2016,MWS
2017,HPL
2018,MWS
2019,HPL
2020,EAP
2021,MWS
2022,EAP
2023,HPL
2024,HPL
2025,EAP
2026,HPL
2027,MWS
2028,MWS
2029,HPL
2030,HPL
2031,HPL
2032,HPL
2033,MWS
2034,MWS
2035,HPL
2036,EAP
2037,EAP
2038,MWS
2039,EAP
2040,HPL
2041,EAP
2042,MWS
2043,HPL
2044,HPL
2045,MWS
2046,EAP
2047,MWS
2048,MWS
2049,EAP
2050,HPL
2051,EAP
2052,EAP
2053,HPL
2054,HPL
2055,MWS
2056,EAP
2057,HPL
2058,EAP
2059,EAP
2060,HPL
2061,HPL
2062,EAP
2063,HPL
2064,EAP
2065,HPL
2066,MWS
2067,HPL
2068,EAP
2069,HPL
2070,EAP
2071,HPL
2072,EAP
2073,EAP
2074,HPL
2075,EAP
2076,MWS
2077,MWS
2078,HPL
2079,EAP
2080,EAP
2081,EAP
2082,HPL
2083,HPL
2084,MWS
2085,EAP
2086,MWS
2087,HPL
2088,HPL
2089,MWS
2090,EAP
2091,EAP
2092,EAP
2093,HPL
2094,EAP
2095,EAP
2096,MWS
2097,MWS
2098,MWS
2099,MWS
2100,HPL
2101,EAP
2102,HPL
2103,EAP
2104,HPL
2105,EAP
2106,EAP
2107,EAP
2108,HPL
2109,MWS
2110,MWS
2111,HPL
2112,EAP
2113,EAP
2114,HPL
2115,MWS
2116,MWS
2117,EAP
2118,MWS
2119,MWS
2120,MWS
2121,EAP
2122,MWS
2123,EAP
2124,HPL
2125,HPL
2126,EAP
2127,MWS
2128,HPL
2129,EAP
2130,MWS
2131,HPL
2132,EAP
2133,MWS
2134,MWS
2135,EAP
2136,MWS
2137,HPL
2138,EAP
2139,MWS
2140,MWS
2141,MWS
2142,MWS
2143,MWS
2144,EAP
2145,HPL
2146,HPL
2147,EAP
2148,MWS
2149,HPL
2150,HPL
2151,HPL
2152,MWS
2153,EAP
2154,HPL
2155,EAP
2156,HPL
2157,EAP
2158,MWS
2159,MWS
2160,MWS
2161,EAP
2162,MWS
2163,MWS
2164,HPL
2165,EAP
2166,EAP
2167,HPL
2168,MWS
2169,HPL
2170,MWS
2171,EAP
2172,MWS
2173,HPL
2174,MWS
2175,HPL
2176,MWS
2177,EAP
2178,EAP
2179,EAP
2180,MWS
2181,HPL
2182,EAP
2183,HPL
2184,EAP
2185,EAP
2186,EAP
2187,EAP
2188,HPL
2189,HPL
2190,MWS
2191,HPL
2192,MWS
2193,HPL
2194,HPL
2195,EAP
2196,MWS
2197,EAP
2198,HPL
2199,HPL
2200,EAP
2201,MWS
2202,HPL
2203,HPL
2204,EAP
2205,HPL
2206,HPL
2207,HPL
2208,MWS
2209,HPL
2210,HPL
2211,HPL
2212,EAP
2213,HPL
2214,MWS
2215,HPL
2216,HPL
2217,MWS
2218,HPL
2219,EAP
2220,MWS
2221,HPL
2222,EAP
2223,HPL
2224,MWS
2225,EAP
2226,MWS
2227,HPL
2228,HPL
2229,EAP
2230,EAP
2231,HPL
2232,MWS
2233,HPL
2234,HPL
2235,HPL
2236,MWS
2237,MWS
2238,HPL
2239,EAP
2240,MWS
2241,HPL
2242,HPL
2243,HPL
2244,EAP
2245,MWS
2246,HPL
2247,MWS
2248,HPL
2249,HPL
2250,MWS
2251,EAP
2252,EAP
2253,MWS
2254,MWS
2255,HPL
2256,HPL
2257,MWS
2258,MWS
2259,MWS
2260,EAP
2261,EAP
2262,EAP
2263,MWS
2264,MWS
2265,HPL
2266,EAP
2267,EAP
2268,EAP
2269,EAP
2270,MWS
2271,HPL
2272,HPL
2273,HPL
2274,MWS
2275,EAP
2276,MWS
2277,EAP
2278,MWS
2279,HPL
2280,HPL
2281,HPL
2282,HPL
2283,EAP
2284,MWS
2285,EAP
2286,MWS
2287,HPL
2288,HPL
2289,HPL
2290,MWS
2291,HPL
2292,EAP
2293,EAP
2294,EAP
2295,MWS
2296,EAP
2297,HPL
2298,MWS
2299,HPL
2300,MWS
2301,EAP
2302,HPL
2303,HPL
2304,MWS
2305,HPL
2306,EAP
2307,MWS
2308,HPL
2309,MWS
2310,HPL
2311,EAP
2312,EAP
2313,EAP
2314,EAP
2315,HPL
2316,EAP
2317,MWS
2318,HPL
2319,EAP
2320,MWS
2321,HPL
2322,MWS
2323,HPL
2324,MWS
2325,EAP
2326,MWS
2327,MWS
2328,HPL
2329,HPL
2330,EAP
2331,MWS
2332,MWS
2333,MWS
2334,MWS
2335,EAP
2336,HPL
2337,MWS
2338,EAP
2339,EAP
2340,EAP
2341,EAP
2342,EAP
2343,HPL
2344,EAP
2345,HPL
2346,MWS
2347,MWS
2348,HPL
2349,HPL
2350,MWS
2351,EAP
2352,MWS
2353,EAP
2354,EAP
2355,HPL
2356,HPL
2357,MWS
2358,MWS
2359,HPL
2360,MWS
2361,HPL
2362,HPL
2363,MWS
2364,EAP
2365,EAP
2366,HPL
2367,MWS
2368,EAP
2369,HPL
2370,HPL
2371,MWS
2372,MWS
2373,HPL
2374,EAP
2375,MWS
2376,MWS
2377,MWS
2378,EAP
2379,EAP
2380,HPL
2381,MWS
2382,EAP
2383,EAP
2384,MWS
2385,EAP
2386,HPL
2387,EAP
2388,EAP
2389,HPL
2390,MWS
2391,EAP
2392,HPL
2393,MWS
2394,HPL
2395,EAP
2396,HPL
2397,EAP
2398,MWS
2399,MWS
2400,HPL
2401,EAP
2402,MWS
2403,HPL
2404,MWS
2405,MWS
2406,EAP
2407,MWS
2408,MWS
2409,EAP
2410,MWS
2411,MWS
2412,EAP
2413,EAP
2414,MWS
2415,MWS
2416,MWS
2417,MWS
2418,HPL
2419,MWS
2420,EAP
2421,EAP
2422,EAP
2423,EAP
2424,MWS
2425,MWS
2426,HPL
2427,MWS
2428,EAP
2429,MWS
2430,HPL
2431,MWS
2432,MWS
2433,EAP
2434,HPL
2435,MWS
2436,MWS
2437,HPL
2438,MWS
2439,HPL
2440,HPL
2441,EAP
2442,MWS
2443,HPL
2444,HPL
2445,HPL
2446,EAP
2447,MWS
2448,EAP
2449,EAP
2450,HPL
2451,HPL
2452,HPL
2453,HPL
2454,EAP
2455,HPL
2456,MWS
2457,EAP
2458,HPL
2459,MWS
2460,HPL
2461,MWS
2462,HPL
2463,HPL
2464,EAP
2465,HPL
2466,MWS
2467,MWS
2468,EAP
2469,HPL
2470,EAP
2471,HPL
2472,EAP
2473,HPL
2474,HPL
2475,EAP
2476,EAP
2477,EAP
2478,EAP
2479,HPL
2480,HPL
2481,MWS
2482,HPL
2483,EAP
2484,EAP
2485,HPL
2486,MWS
2487,MWS
2488,HPL
2489,EAP
2490,EAP
2491,HPL
2492,MWS
2493,HPL
2494,HPL
2495,HPL
2496,HPL
2497,EAP
2498,EAP
2499,HPL
2500,MWS
2501,HPL
2502,EAP
2503,EAP
2504,MWS
2505,HPL
2506,EAP
2507,EAP
2508,HPL
2509,HPL
2510,MWS
2511,MWS
2512,MWS
2513,HPL
2514,HPL
2515,MWS
2516,EAP
2517,EAP
2518,HPL
2519,EAP
2520,HPL
2521,MWS
2522,HPL
2523,HPL
2524,HPL
2525,EAP
2526,HPL
2527,EAP
2528,MWS
2529,MWS
2530,EAP
2531,HPL
2532,MWS
2533,HPL
2534,EAP
2535,HPL
2536,MWS
2537,HPL
2538,MWS
2539,HPL
2540,MWS
2541,MWS
2542,MWS
2543,EAP
2544,EAP
2545,EAP
2546,HPL
2547,HPL
2548,HPL
2549,MWS
2550,HPL
2551,EAP
2552,EAP
2553,MWS
2554,MWS
2555,HPL
2556,MWS
2557,EAP
2558,EAP
2559,EAP
2560,EAP
2561,MWS
2562,HPL
2563,HPL
2564,MWS
2565,HPL
2566,EAP
2567,MWS
2568,MWS
2569,EAP
2570,HPL
2571,MWS
2572,HPL
2573,EAP
2574,HPL
2575,MWS
2576,MWS
2577,HPL
2578,MWS
2579,HPL
2580,MWS
2581,MWS
2582,MWS
2583,HPL
2584,MWS
2585,MWS
2586,HPL
2587,HPL
2588,EAP
2589,HPL
2590,HPL
2591,MWS
2592,EAP
2593,HPL
2594,MWS
2595,HPL
2596,MWS
2597,MWS
2598,MWS
2599,EAP
2600,MWS
2601,HPL
2602,HPL
2603,MWS
2604,MWS
2605,MWS
2606,EAP
2607,MWS
2608,EAP
2609,MWS
2610,HPL
2611,EAP
2612,MWS
2613,MWS
2614,MWS
2615,MWS
2616,HPL
2617,EAP
2618,MWS
2619,EAP
2620,EAP
2621,MWS
2622,MWS
2623,EAP
2624,EAP
2625,EAP
2626,HPL
2627,HPL
2628,HPL
2629,EAP
2630,HPL
2631,MWS
2632,EAP
2633,HPL
2634,MWS
2635,MWS
2636,HPL
2637,MWS
2638,MWS
2639,EAP
2640,MWS
2641,EAP
2642,MWS
2643,EAP
2644,MWS
2645,HPL
2646,MWS
2647,HPL
2648,MWS
2649,HPL
2650,HPL
2651,EAP
2652,HPL
2653,MWS
2654,HPL
2655,MWS
2656,HPL
2657,MWS
2658,MWS
2659,MWS
2660,MWS
2661,MWS
2662,HPL
2663,MWS
2664,HPL
2665,EAP
2666,EAP
2667,HPL
2668,MWS
2669,HPL
2670,EAP
2671,HPL
2672,HPL
2673,MWS
2674,EAP
2675,MWS
2676,MWS
2677,HPL
2678,HPL
2679,HPL
2680,HPL
2681,MWS
2682,MWS
2683,HPL
2684,HPL
2685,EAP
2686,MWS
2687,MWS
2688,MWS
2689,HPL
2690,HPL
2691,HPL
2692,EAP
2693,HPL
2694,EAP
2695,HPL
2696,MWS
2697,EAP
2698,HPL
2699,HPL
2700,MWS
2701,HPL
2702,MWS
2703,HPL
2704,EAP
2705,EAP
2706,MWS
2707,HPL
2708,MWS
2709,MWS
2710,HPL
2711,EAP
2712,EAP
2713,MWS
2714,MWS
2715,MWS
2716,EAP
2717,EAP
2718,EAP
2719,MWS
2720,MWS
2721,EAP
2722,MWS
2723,EAP
2724,EAP
2725,EAP
2726,HPL
2727,HPL
2728,MWS
2729,HPL
2730,EAP
2731,MWS
2732,EAP
2733,EAP
2734,MWS
2735,EAP
2736,HPL
2737,MWS
2738,HPL
2739,HPL
2740,MWS
2741,EAP
2742,HPL
2743,HPL
2744,HPL
2745,MWS
2746,EAP
2747,EAP
2748,MWS
2749,MWS
2750,EAP
2751,MWS
2752,MWS
2753,MWS
2754,EAP
2755,EAP
2756,HPL
2757,EAP
2758,EAP
2759,HPL
2760,HPL
2761,EAP
2762,MWS
2763,HPL
2764,EAP
2765,EAP
2766,HPL
2767,MWS
2768,MWS
2769,EAP
2770,HPL
2771,HPL
2772,HPL
2773,MWS
2774,MWS
2775,MWS
2776,HPL
2777,EAP
2778,MWS
2779,HPL
2780,HPL
2781,EAP
2782,EAP
2783,HPL
2784,EAP
2785,MWS
2786,HPL
2787,MWS
2788,HPL
2789,MWS
2790,EAP
2791,EAP
2792,MWS
2793,HPL
2794,HPL
2795,MWS
2796,MWS
2797,EAP
2798,EAP
2799,MWS
2800,MWS
2801,HPL
2802,HPL
2803,MWS
2804,HPL
2805,EAP
2806,HPL
2807,MWS
2808,EAP
2809,EAP
2810,EAP
2811,HPL
2812,HPL
2813,EAP
2814,EAP
2815,HPL
2816,HPL
2817,EAP
2818,HPL
2819,HPL
2820,HPL
2821,HPL
2822,MWS
2823,MWS
2824,MWS
2825,EAP
2826,HPL
2827,MWS
2828,HPL
2829,MWS
2830,EAP
2831,EAP
2832,MWS
2833,EAP
2834,HPL
2835,HPL
2836,EAP
2837,HPL
2838,MWS
2839,MWS
2840,MWS
2841,HPL
2842,MWS
2843,EAP
2844,MWS
2845,HPL
2846,HPL
2847,MWS
2848,EAP
2849,EAP
2850,EAP
2851,HPL
2852,EAP
2853,HPL
2854,MWS
2855,MWS
2856,HPL
2857,HPL
2858,MWS
2859,MWS
2860,HPL
2861,MWS
2862,MWS
2863,EAP
2864,EAP
2865,MWS
2866,MWS
2867,EAP
2868,MWS
2869,HPL
2870,MWS
2871,MWS
2872,HPL
2873,EAP
2874,MWS
2875,EAP
2876,EAP
2877,MWS
2878,MWS
2879,EAP
2880,MWS
2881,MWS
2882,EAP
2883,EAP
2884,HPL
2885,MWS
2886,HPL
2887,EAP
2888,MWS
2889,EAP
2890,MWS
2891,MWS
2892,HPL
2893,EAP
2894,MWS
2895,HPL
2896,EAP
2897,HPL
2898,EAP
2899,MWS
2900,HPL
2901,HPL
2902,MWS
2903,EAP
2904,MWS
2905,HPL
2906,MWS
2907,HPL
2908,MWS
2909,EAP
2910,HPL
2911,HPL
2912,EAP
2913,MWS
2914,EAP
2915,MWS
2916,EAP
2917,EAP
2918,HPL
2919,HPL
2920,MWS
2921,EAP
2922,MWS
2923,EAP
2924,EAP
2925,HPL
2926,EAP
2927,HPL
2928,HPL
2929,EAP
2930,EAP
2931,MWS
2932,MWS
2933,MWS
2934,HPL
2935,HPL
2936,HPL
2937,HPL
2938,HPL
2939,HPL
2940,EAP
2941,MWS
2942,MWS
2943,MWS
2944,EAP
2945,MWS
2946,HPL
2947,EAP
2948,EAP
2949,MWS
2950,HPL
2951,MWS
2952,EAP
2953,MWS
2954,EAP
2955,EAP
2956,EAP
2957,HPL
2958,HPL
2959,MWS
2960,MWS
2961,MWS
2962,HPL
2963,MWS
2964,HPL
2965,EAP
2966,EAP
2967,HPL
2968,HPL
2969,EAP
2970,HPL
2971,EAP
2972,MWS
2973,EAP
2974,EAP
2975,MWS
2976,HPL
2977,MWS
2978,EAP
2979,EAP
2980,EAP
2981,EAP
2982,EAP
2983,MWS
2984,EAP
2985,HPL
2986,MWS
2987,MWS
2988,MWS
2989,EAP
2990,EAP
2991,MWS
2992,EAP
2993,HPL
2994,HPL
2995,EAP
2996,MWS
2997,EAP
2998,EAP
2999,EAP
3000,MWS
3001,HPL
3002,EAP
3003,MWS
3004,MWS
3005,HPL
3006,MWS
3007,MWS
3008,MWS
3009,HPL
3010,EAP
3011,HPL
3012,EAP
3013,MWS
3014,MWS
3015,EAP
3016,HPL
3017,HPL
3018,HPL
3019,EAP
3020,MWS
3021,MWS
3022,MWS
3023,EAP
3024,MWS
3025,MWS
3026,HPL
3027,MWS
3028,HPL
3029,EAP
3030,HPL
3031,MWS
3032,MWS
3033,HPL
3034,MWS
3035,HPL
3036,MWS
3037,HPL
3038,HPL
3039,EAP
3040,HPL
3041,HPL
3042,EAP
3043,MWS
3044,HPL
3045,EAP
3046,EAP
3047,HPL
3048,MWS
3049,EAP
3050,HPL
3051,EAP
3052,MWS
3053,HPL
3054,HPL
3055,MWS
3056,MWS
3057,EAP
3058,HPL
3059,EAP
3060,HPL
3061,EAP
3062,HPL
3063,MWS
3064,EAP
3065,HPL
3066,HPL
3067,EAP
3068,MWS
3069,MWS
3070,EAP
3071,EAP
3072,HPL
3073,HPL
3074,MWS
3075,MWS
3076,MWS
3077,EAP
3078,EAP
3079,EAP
3080,MWS
3081,MWS
3082,MWS
3083,MWS
3084,EAP
3085,HPL
3086,EAP
3087,HPL
3088,HPL
3089,EAP
3090,EAP
3091,EAP
3092,MWS
3093,EAP
3094,MWS
3095,HPL
3096,EAP
3097,MWS
3098,MWS
3099,MWS
3100,EAP
3101,HPL
3102,EAP
3103,MWS
3104,HPL
3105,HPL
3106,HPL
3107,HPL
3108,MWS
3109,MWS
3110,HPL
3111,HPL
3112,HPL
3113,HPL
3114,MWS
3115,HPL
3116,HPL
3117,EAP
3118,MWS
3119,HPL
3120,HPL
3121,EAP
3122,HPL
3123,HPL
3124,HPL
3125,EAP
3126,MWS
3127,EAP
3128,MWS
3129,EAP
3130,EAP
3131,HPL
3132,MWS
3133,MWS
3134,MWS
3135,MWS
3136,HPL
3137,HPL
3138,EAP
3139,EAP
3140,HPL
3141,EAP
3142,HPL
3143,MWS
3144,EAP
3145,HPL
3146,MWS
3147,MWS
3148,MWS
3149,HPL
3150,HPL
3151,HPL
3152,MWS
3153,MWS
3154,MWS
3155,HPL
3156,HPL
3157,EAP
3158,MWS
3159,HPL
3160,EAP
3161,EAP
3162,MWS
3163,MWS
3164,HPL
3165,EAP
3166,MWS
3167,MWS
3168,EAP
3169,MWS
3170,EAP
3171,EAP
3172,MWS
3173,EAP
3174,EAP
3175,HPL
3176,EAP
3177,MWS
3178,EAP
3179,EAP
3180,MWS
3181,EAP
3182,EAP
3183,EAP
3184,MWS
3185,HPL
3186,HPL
3187,EAP
3188,MWS
3189,MWS
3190,MWS
3191,MWS
3192,HPL
3193,MWS
3194,HPL
3195,EAP
3196,EAP
3197,MWS
3198,MWS
3199,HPL
3200,EAP
3201,EAP
3202,MWS
3203,MWS
3204,HPL
3205,MWS
3206,HPL
3207,EAP
3208,MWS
3209,MWS
3210,MWS
3211,HPL
3212,EAP
3213,EAP
3214,EAP
3215,MWS
3216,EAP
3217,EAP
3218,EAP
3219,MWS
3220,MWS
3221,HPL
3222,HPL
3223,HPL
3224,HPL
3225,EAP
3226,HPL
3227,HPL
3228,HPL
3229,MWS
3230,EAP
3231,MWS
3232,EAP
3233,HPL
3234,MWS
3235,EAP
3236,MWS
3237,MWS
3238,EAP
3239,EAP
3240,HPL
3241,HPL
3242,HPL
3243,MWS
3244,HPL
3245,EAP
3246,MWS
3247,EAP
3248,MWS
3249,EAP
3250,EAP
3251,HPL
3252,HPL
3253,MWS
3254,HPL
3255,MWS
3256,EAP
3257,MWS
3258,EAP
3259,EAP
3260,EAP
3261,MWS
3262,MWS
3263,HPL
3264,HPL
3265,EAP
3266,EAP
3267,MWS
3268,HPL
3269,MWS
3270,MWS
3271,MWS
3272,EAP
3273,EAP
3274,HPL
3275,EAP
3276,EAP
3277,MWS
3278,EAP
3279,MWS
3280,HPL
3281,EAP
3282,HPL
3283,EAP
3284,MWS
3285,EAP
3286,MWS
3287,HPL
3288,MWS
3289,MWS
3290,HPL
3291,HPL
3292,MWS
3293,EAP
3294,MWS
3295,MWS
3296,EAP
3297,MWS
3298,MWS
3299,HPL
3300,EAP
3301,EAP
3302,HPL
3303,EAP
3304,EAP
3305,HPL
3306,MWS
3307,MWS
3308,MWS
3309,HPL
3310,HPL
3311,EAP
3312,MWS
3313,HPL
3314,HPL
3315,HPL
3316,EAP
3317,HPL
3318,MWS
3319,HPL
3320,HPL
3321,EAP
3322,MWS
3323,MWS
3324,MWS
3325,HPL
3326,EAP
3327,MWS
3328,HPL
3329,EAP
3330,MWS
3331,EAP
3332,EAP
3333,HPL
3334,EAP
3335,HPL
3336,MWS
3337,MWS
3338,EAP
3339,MWS
3340,HPL
3341,HPL
3342,HPL
3343,EAP
3344,EAP
3345,EAP
3346,HPL
3347,HPL
3348,HPL
3349,HPL
3350,EAP
3351,EAP
3352,EAP
3353,EAP
3354,HPL
3355,HPL
3356,MWS
3357,MWS
3358,MWS
3359,HPL
3360,EAP
3361,EAP
3362,EAP
3363,HPL
3364,MWS
3365,EAP
3366,MWS
3367,MWS
3368,HPL
3369,HPL
3370,EAP
3371,HPL
3372,HPL
3373,HPL
3374,EAP
3375,MWS
3376,MWS
3377,EAP
3378,MWS
3379,MWS
3380,EAP
3381,MWS
3382,HPL
3383,EAP
3384,EAP
3385,HPL
3386,HPL
3387,HPL
3388,HPL
3389,EAP
3390,EAP
3391,EAP
3392,HPL
3393,HPL
3394,HPL
3395,HPL
3396,HPL
3397,EAP
3398,HPL
3399,HPL
3400,EAP
3401,MWS
3402,MWS
3403,HPL
3404,MWS
3405,MWS
3406,EAP
3407,HPL
3408,EAP
3409,EAP
3410,HPL
3411,EAP
3412,HPL
3413,HPL
3414,MWS
3415,HPL
3416,HPL
3417,HPL
3418,HPL
3419,HPL
3420,MWS
3421,MWS
3422,EAP
3423,HPL
3424,HPL
3425,MWS
3426,MWS
3427,EAP
3428,HPL
3429,HPL
3430,EAP
3431,HPL
3432,HPL
3433,HPL
3434,MWS
3435,MWS
3436,MWS
3437,HPL
3438,MWS
3439,EAP
3440,HPL
3441,HPL
3442,HPL
3443,HPL
3444,HPL
3445,EAP
3446,MWS
3447,EAP
3448,MWS
3449,MWS
3450,EAP
3451,MWS
3452,MWS
3453,EAP
3454,MWS
3455,HPL
3456,MWS
3457,EAP
3458,HPL
3459,HPL
3460,MWS
3461,EAP
3462,HPL
3463,MWS
3464,HPL
3465,EAP
3466,MWS
3467,HPL
3468,EAP
3469,HPL
3470,MWS
3471,EAP
3472,MWS
3473,HPL
3474,HPL
3475,EAP
3476,HPL
3477,MWS
3478,HPL
3479,MWS
3480,HPL
3481,MWS
3482,MWS
3483,MWS
3484,HPL
3485,MWS
3486,EAP
3487,HPL
3488,MWS
3489,MWS
3490,MWS
3491,MWS
3492,EAP
3493,EAP
3494,EAP
3495,MWS
3496,MWS
3497,HPL
3498,EAP
3499,MWS
3500,MWS
3501,EAP
3502,MWS
3503,MWS
3504,MWS
3505,MWS
3506,HPL
3507,HPL
3508,HPL
3509,EAP
3510,EAP
3511,EAP
3512,HPL
3513,EAP
3514,MWS
3515,MWS
3516,MWS
3517,MWS
3518,MWS
3519,MWS
3520,MWS
3521,EAP
3522,HPL
3523,HPL
3524,HPL
3525,HPL
3526,MWS
3527,MWS
3528,MWS
3529,MWS
3530,EAP
3531,HPL
3532,EAP
3533,HPL
3534,EAP
3535,HPL
3536,HPL
3537,EAP
3538,EAP
3539,MWS
3540,EAP
3541,HPL
3542,HPL
3543,HPL
3544,HPL
3545,EAP
3546,MWS
3547,HPL
3548,HPL
3549,HPL
3550,EAP
3551,HPL
3552,MWS
3553,MWS
3554,HPL
3555,HPL
3556,EAP
3557,HPL
3558,EAP
3559,MWS
3560,EAP
3561,EAP
3562,HPL
3563,MWS
3564,EAP
3565,MWS
3566,EAP
3567,MWS
3568,EAP
3569,MWS
3570,EAP
3571,MWS
3572,EAP
3573,HPL
3574,MWS
3575,HPL
3576,HPL
3577,EAP
3578,HPL
3579,MWS
3580,EAP
3581,EAP
3582,MWS
3583,MWS
3584,HPL
3585,HPL
3586,EAP
3587,MWS
3588,MWS
3589,EAP
3590,HPL
3591,MWS
3592,HPL
3593,HPL
3594,EAP
3595,MWS
3596,EAP
3597,EAP
3598,HPL
3599,MWS
3600,EAP
3601,MWS
3602,EAP
3603,MWS
3604,EAP
3605,HPL
3606,HPL
3607,EAP
3608,HPL
3609,EAP
3610,HPL
3611,MWS
3612,HPL
3613,MWS
3614,MWS
3615,HPL
3616,MWS
3617,HPL
3618,MWS
3619,HPL
3620,MWS
3621,EAP
3622,HPL
3623,HPL
3624,HPL
3625,MWS
3626,EAP
3627,MWS
3628,MWS
3629,HPL
3630,MWS
3631,MWS
3632,EAP
3633,MWS
3634,EAP
3635,HPL
3636,EAP
3637,EAP
3638,HPL
3639,EAP
3640,EAP
3641,HPL
3642,MWS
3643,EAP
3644,MWS
3645,HPL
3646,HPL
3647,MWS
3648,EAP
3649,MWS
3650,HPL
3651,HPL
3652,EAP
3653,HPL
3654,MWS
3655,MWS
3656,MWS
3657,MWS
3658,EAP
3659,MWS
3660,EAP
3661,HPL
3662,HPL
3663,EAP
3664,EAP
3665,HPL
3666,HPL
3667,MWS
3668,EAP
3669,HPL
3670,EAP
3671,HPL
3672,EAP
3673,EAP
3674,HPL
3675,MWS
3676,MWS
3677,MWS
3678,HPL
3679,HPL
3680,MWS
3681,HPL
3682,HPL
3683,MWS
3684,HPL
3685,HPL
3686,EAP
3687,EAP
3688,MWS
3689,EAP
3690,EAP
3691,HPL
3692,EAP
3693,HPL
3694,EAP
3695,MWS
3696,HPL
3697,EAP
3698,HPL
3699,MWS
3700,MWS
3701,HPL
3702,MWS
3703,MWS
3704,EAP
3705,MWS
3706,EAP
3707,HPL
3708,MWS
3709,HPL
3710,MWS
3711,EAP
3712,MWS
3713,HPL
3714,MWS
3715,EAP
3716,HPL
3717,EAP
3718,MWS
3719,MWS
3720,EAP
3721,HPL
3722,EAP
3723,HPL
3724,HPL
3725,HPL
3726,EAP
3727,HPL
3728,EAP
3729,EAP
3730,EAP
3731,MWS
3732,MWS
3733,MWS
3734,HPL
3735,MWS
3736,MWS
3737,MWS
3738,HPL
3739,EAP
3740,MWS
3741,EAP
3742,EAP
3743,EAP
3744,EAP
3745,MWS
3746,HPL
3747,MWS
3748,HPL
3749,MWS
3750,MWS
3751,EAP
3752,HPL
3753,MWS
3754,HPL
3755,HPL
3756,MWS
3757,HPL
3758,MWS
3759,MWS
3760,EAP
3761,EAP
3762,HPL
3763,EAP
3764,HPL
3765,MWS
3766,EAP
3767,MWS
3768,EAP
3769,EAP
3770,EAP
3771,MWS
3772,HPL
3773,EAP
3774,MWS
3775,HPL
3776,HPL
3777,EAP
3778,MWS
3779,MWS
3780,HPL
3781,MWS
3782,HPL
3783,HPL
3784,HPL
3785,EAP
3786,MWS
3787,EAP
3788,HPL
3789,MWS
3790,MWS
3791,HPL
3792,MWS
3793,HPL
3794,HPL
3795,HPL
3796,HPL
3797,MWS
3798,EAP
3799,MWS
3800,EAP
3801,MWS
3802,HPL
3803,MWS
3804,MWS
3805,MWS
3806,HPL
3807,EAP
3808,MWS
3809,HPL
3810,EAP
3811,HPL
3812,EAP
3813,HPL
3814,HPL
3815,HPL
3816,HPL
3817,HPL
3818,MWS
3819,MWS
3820,EAP
3821,MWS
3822,HPL
3823,HPL
3824,MWS
3825,EAP
3826,EAP
3827,EAP
3828,MWS
3829,HPL
3830,EAP
3831,EAP
3832,EAP
3833,HPL
3834,HPL
3835,EAP
3836,HPL
3837,EAP
3838,MWS
3839,EAP
3840,MWS
3841,HPL
3842,EAP
3843,HPL
3844,EAP
3845,MWS
3846,HPL
3847,HPL
3848,EAP
3849,HPL
3850,MWS
3851,MWS
3852,EAP
3853,EAP
3854,HPL
3855,MWS
3856,HPL
3857,MWS
3858,MWS
3859,EAP
3860,HPL
3861,MWS
3862,EAP
3863,MWS
3864,EAP
3865,EAP
3866,EAP
3867,HPL
3868,EAP
3869,EAP
3870,MWS
3871,EAP
3872,MWS
3873,MWS
3874,HPL
3875,EAP
3876,EAP
3877,MWS
3878,HPL
3879,EAP
3880,HPL
3881,MWS
3882,EAP
3883,HPL
3884,EAP
3885,EAP
3886,HPL
3887,EAP
3888,MWS
3889,EAP
3890,EAP
3891,HPL
3892,HPL
3893,HPL
3894,EAP
3895,HPL
3896,EAP
3897,MWS
3898,MWS
3899,EAP
3900,EAP
3901,MWS
3902,MWS
3903,EAP
3904,MWS
3905,MWS
3906,EAP
3907,HPL
3908,HPL
3909,MWS
3910,EAP
3911,MWS
3912,MWS
3913,EAP
3914,HPL
3915,MWS
3916,MWS
3917,HPL
3918,EAP
3919,EAP
3920,EAP
3921,EAP
3922,EAP
3923,MWS
3924,MWS
3925,HPL
3926,HPL
3927,HPL
3928,HPL
3929,EAP
3930,EAP
3931,HPL
3932,MWS
3933,EAP
3934,EAP
3935,MWS
3936,MWS
3937,MWS
3938,MWS
3939,MWS
3940,HPL
3941,MWS
3942,EAP
3943,MWS
3944,HPL
3945,EAP
3946,MWS
3947,MWS
3948,MWS
3949,EAP
3950,MWS
3951,HPL
3952,HPL
3953,MWS
3954,EAP
3955,EAP
3956,HPL
3957,HPL
3958,EAP
3959,EAP
3960,HPL
3961,MWS
3962,MWS
3963,EAP
3964,MWS
3965,EAP
3966,HPL
3967,HPL
3968,EAP
3969,HPL
3970,MWS
3971,HPL
3972,HPL
3973,MWS
3974,MWS
3975,EAP
3976,HPL
3977,EAP
3978,EAP
3979,MWS
3980,EAP
3981,EAP
3982,HPL
3983,EAP
3984,EAP
3985,EAP
3986,HPL
3987,MWS
3988,HPL
3989,MWS
3990,MWS
3991,MWS
3992,HPL
3993,HPL
3994,MWS
3995,HPL
3996,EAP
3997,MWS
3998,MWS
3999,MWS
4000,MWS
4001,EAP
4002,HPL
4003,EAP
4004,HPL
4005,EAP
4006,MWS
4007,EAP
4008,EAP
4009,MWS
4010,HPL
4011,HPL
4012,MWS
4013,MWS
4014,MWS
4015,MWS
4016,MWS
4017,EAP
4018,HPL
4019,MWS
4020,HPL
4021,MWS
4022,EAP
4023,EAP
4024,EAP
4025,EAP
4026,HPL
4027,EAP
4028,HPL
4029,MWS
4030,MWS
4031,EAP
4032,HPL
4033,MWS
4034,MWS
4035,MWS
4036,MWS
4037,EAP
4038,EAP
4039,EAP
4040,MWS
4041,EAP
4042,MWS
4043,EAP
4044,EAP
4045,HPL
4046,HPL
4047,MWS
4048,MWS
4049,MWS
4050,HPL
4051,EAP
4052,HPL
4053,EAP
4054,MWS
4055,HPL
4056,MWS
4057,EAP
4058,EAP
4059,HPL
4060,HPL
4061,HPL
4062,MWS
4063,EAP
4064,HPL
4065,MWS
4066,MWS
4067,MWS
4068,EAP
4069,HPL
4070,HPL
4071,MWS
4072,HPL
4073,EAP
4074,HPL
4075,MWS
4076,EAP
4077,HPL
4078,EAP
4079,HPL
4080,EAP
4081,MWS
4082,MWS
4083,MWS
4084,EAP
4085,EAP
4086,MWS
4087,MWS
4088,EAP
4089,EAP
4090,EAP
4091,EAP
4092,EAP
4093,HPL
4094,HPL
4095,HPL
4096,EAP
4097,EAP
4098,EAP
4099,MWS
4100,MWS
4101,MWS
4102,MWS
4103,HPL
4104,EAP
4105,HPL
4106,EAP
4107,HPL
4108,MWS
4109,HPL
4110,HPL
4111,EAP
4112,MWS
4113,HPL
4114,EAP
4115,MWS
4116,MWS
4117,EAP
4118,EAP
4119,EAP
4120,MWS
4121,EAP
4122,HPL
4123,EAP
4124,HPL
4125,HPL
4126,HPL
4127,HPL
4128,EAP
4129,MWS
4130,HPL
4131,EAP
4132,HPL
4133,EAP
4134,HPL
4135,MWS
4136,HPL
4137,MWS
4138,MWS
4139,EAP
4140,HPL
4141,HPL
4142,MWS
4143,HPL
4144,EAP
4145,MWS
4146,MWS
4147,EAP
4148,EAP
4149,EAP
4150,HPL
4151,EAP
4152,EAP
4153,MWS
4154,HPL
4155,MWS
4156,MWS
4157,EAP
4158,HPL
4159,EAP
4160,MWS
4161,HPL
4162,MWS
4163,MWS
4164,HPL
4165,EAP
4166,EAP
4167,MWS
4168,EAP
4169,HPL
4170,HPL
4171,EAP
4172,EAP
4173,MWS
4174,HPL
4175,EAP
4176,EAP
4177,EAP
4178,MWS
4179,HPL
4180,MWS
4181,HPL
4182,HPL
4183,MWS
4184,EAP
4185,MWS
4186,EAP
4187,MWS
4188,EAP
4189,MWS
4190,HPL
4191,EAP
4192,MWS
4193,MWS
4194,EAP
4195,HPL
4196,MWS
4197,EAP
4198,EAP
4199,HPL
4200,HPL
4201,HPL
4202,HPL
4203,MWS
4204,MWS
4205,HPL
4206,HPL
4207,HPL
4208,HPL
4209,EAP
4210,EAP
4211,EAP
4212,EAP
4213,MWS
4214,EAP
4215,EAP
4216,EAP
4217,EAP
4218,HPL
4219,HPL
4220,HPL
4221,HPL
4222,EAP
4223,MWS
4224,HPL
4225,EAP
4226,HPL
4227,HPL
4228,HPL
4229,HPL
4230,EAP
4231,EAP
4232,EAP
4233,MWS
4234,HPL
4235,MWS
4236,MWS
4237,MWS
4238,EAP
4239,EAP
4240,HPL
4241,EAP
4242,EAP
4243,MWS
4244,EAP
4245,HPL
4246,HPL
4247,MWS
4248,EAP
4249,MWS
4250,HPL
4251,HPL
4252,EAP
4253,EAP
4254,HPL
4255,HPL
4256,MWS
4257,MWS
4258,MWS
4259,EAP
4260,EAP
4261,HPL
4262,EAP
4263,EAP
4264,EAP
4265,EAP
4266,EAP
4267,EAP
4268,EAP
4269,EAP
4270,HPL
4271,HPL
4272,MWS
4273,MWS
4274,MWS
4275,EAP
4276,MWS
4277,MWS
4278,HPL
4279,EAP
4280,EAP
4281,EAP
4282,EAP
4283,MWS
4284,HPL
4285,EAP
4286,EAP
4287,HPL
4288,EAP
4289,EAP
4290,HPL
4291,EAP
4292,EAP
4293,MWS
4294,HPL
4295,MWS
4296,HPL
4297,HPL
4298,EAP
4299,HPL
4300,MWS
4301,HPL
4302,EAP
4303,HPL
4304,EAP
4305,EAP
4306,HPL
4307,HPL
4308,HPL
4309,EAP
4310,EAP
4311,MWS
4312,MWS
4313,MWS
4314,EAP
4315,MWS
4316,HPL
4317,HPL
4318,HPL
4319,MWS
4320,HPL
4321,EAP
4322,EAP
4323,HPL
4324,HPL
4325,EAP
4326,HPL
4327,EAP
4328,MWS
4329,MWS
4330,EAP
4331,MWS
4332,MWS
4333,EAP
4334,HPL
4335,MWS
4336,HPL
4337,HPL
4338,MWS
4339,HPL
4340,HPL
4341,MWS
4342,MWS
4343,HPL
4344,HPL
4345,HPL
4346,EAP
4347,EAP
4348,HPL
4349,MWS
4350,EAP
4351,EAP
4352,HPL
4353,EAP
4354,HPL
4355,MWS
4356,HPL
4357,MWS
4358,EAP
4359,EAP
4360,EAP
4361,EAP
4362,MWS
4363,EAP
4364,HPL
4365,MWS
4366,MWS
4367,EAP
4368,EAP
4369,MWS
4370,HPL
4371,HPL
4372,EAP
4373,EAP
4374,EAP
4375,MWS
4376,HPL
4377,MWS
4378,MWS
4379,HPL
4380,MWS
4381,EAP
4382,MWS
4383,MWS
4384,HPL
4385,MWS
4386,MWS
4387,EAP
4388,MWS
4389,EAP
4390,HPL
4391,MWS
4392,HPL
4393,EAP
4394,HPL
4395,EAP
4396,EAP
4397,EAP
4398,EAP
4399,MWS
4400,EAP
4401,EAP
4402,MWS
4403,HPL
4404,EAP
4405,HPL
4406,MWS
4407,EAP
4408,EAP
4409,HPL
4410,MWS
4411,EAP
4412,HPL
4413,EAP
4414,EAP
4415,EAP
4416,MWS
4417,MWS
4418,EAP
4419,EAP
4420,MWS
4421,HPL
4422,EAP
4423,HPL
4424,MWS
4425,MWS
4426,HPL
4427,MWS
4428,EAP
4429,HPL
4430,HPL
4431,HPL
4432,EAP
4433,EAP
4434,MWS
4435,HPL
4436,MWS
4437,HPL
4438,MWS
4439,HPL
4440,EAP
4441,MWS
4442,MWS
4443,MWS
4444,MWS
4445,HPL
4446,EAP
4447,MWS
4448,MWS
4449,EAP
4450,HPL
4451,HPL
4452,MWS
4453,MWS
4454,HPL
4455,EAP
4456,EAP
4457,MWS
4458,EAP
4459,MWS
4460,MWS
4461,HPL
4462,MWS
4463,EAP
4464,EAP
4465,MWS
4466,HPL
4467,MWS
4468,EAP
4469,MWS
4470,MWS
4471,EAP
4472,HPL
4473,EAP
4474,HPL
4475,MWS
4476,EAP
4477,EAP
4478,HPL
4479,HPL
4480,EAP
4481,MWS
4482,EAP
4483,MWS
4484,MWS
4485,MWS
4486,MWS
4487,HPL
4488,HPL
4489,EAP
4490,HPL
4491,EAP
4492,EAP
4493,MWS
4494,EAP
4495,HPL
4496,HPL
4497,EAP
4498,MWS
4499,EAP
4500,EAP
4501,HPL
4502,HPL
4503,MWS
4504,HPL
4505,EAP
4506,HPL
4507,HPL
4508,HPL
4509,HPL
4510,MWS
4511,HPL
4512,EAP
4513,HPL
4514,MWS
4515,MWS
4516,MWS
4517,EAP
4518,EAP
4519,HPL
4520,EAP
4521,EAP
4522,HPL
4523,EAP
4524,HPL
4525,HPL
4526,EAP
4527,EAP
4528,HPL
4529,EAP
4530,HPL
4531,EAP
4532,MWS
4533,EAP
4534,MWS
4535,EAP
4536,HPL
4537,MWS
4538,MWS
4539,HPL
4540,MWS
4541,EAP
4542,HPL
4543,MWS
4544,EAP
4545,MWS
4546,HPL
4547,EAP
4548,EAP
4549,EAP
4550,HPL
4551,EAP
4552,EAP
4553,HPL
4554,MWS
4555,MWS
4556,MWS
4557,MWS
4558,MWS
4559,HPL
4560,MWS
4561,HPL
4562,HPL
4563,EAP
4564,EAP
4565,EAP
4566,HPL
4567,MWS
4568,MWS
4569,HPL
4570,EAP
4571,EAP
4572,HPL
4573,EAP
4574,HPL
4575,EAP
4576,HPL
4577,MWS
4578,MWS
4579,MWS
4580,HPL
4581,EAP
4582,EAP
4583,EAP
4584,EAP
4585,EAP
4586,MWS
4587,HPL
4588,EAP
4589,HPL
4590,EAP
4591,HPL
4592,HPL
4593,HPL
4594,HPL
4595,MWS
4596,HPL
4597,EAP
4598,MWS
4599,MWS
4600,HPL
4601,EAP
4602,HPL
4603,HPL
4604,HPL
4605,EAP
4606,HPL
4607,EAP
4608,HPL
4609,HPL
4610,HPL
4611,HPL
4612,EAP
4613,HPL
4614,MWS
4615,EAP
4616,EAP
4617,MWS
4618,MWS
4619,EAP
4620,EAP
4621,MWS
4622,HPL
4623,MWS
4624,HPL
4625,MWS
4626,EAP
4627,MWS
4628,EAP
4629,HPL
4630,MWS
4631,HPL
4632,MWS
4633,MWS
4634,HPL
4635,MWS
4636,EAP
4637,HPL
4638,HPL
4639,EAP
4640,HPL
4641,MWS
4642,EAP
4643,MWS
4644,MWS
4645,MWS
4646,MWS
4647,MWS
4648,MWS
4649,EAP
4650,EAP
4651,HPL
4652,EAP
4653,EAP
4654,EAP
4655,EAP
4656,EAP
4657,EAP
4658,HPL
4659,EAP
4660,MWS
4661,HPL
4662,EAP
4663,MWS
4664,EAP
4665,MWS
4666,HPL
4667,HPL
4668,MWS
4669,EAP
4670,EAP
4671,HPL
4672,MWS
4673,HPL
4674,MWS
4675,HPL
4676,HPL
4677,MWS
4678,HPL
4679,EAP
4680,MWS
4681,MWS
4682,MWS
4683,MWS
4684,HPL
4685,EAP
4686,HPL
4687,EAP
4688,EAP
4689,MWS
4690,MWS
4691,MWS
4692,EAP
4693,EAP
4694,MWS
4695,EAP
4696,HPL
4697,MWS
4698,HPL
4699,HPL
4700,HPL
4701,HPL
4702,MWS
4703,HPL
4704,MWS
4705,MWS
4706,HPL
4707,EAP
4708,EAP
4709,HPL
4710,HPL
4711,EAP
4712,MWS
4713,MWS
4714,MWS
4715,MWS
4716,HPL
4717,EAP
4718,HPL
4719,HPL
4720,MWS
4721,EAP
4722,EAP
4723,MWS
4724,HPL
4725,HPL
4726,HPL
4727,EAP
4728,HPL
4729,HPL
4730,HPL
4731,HPL
4732,HPL
4733,MWS
4734,MWS
4735,EAP
4736,EAP
4737,EAP
4738,HPL
4739,MWS
4740,HPL
4741,HPL
4742,HPL
4743,MWS
4744,HPL
4745,MWS
4746,MWS
4747,EAP
4748,EAP
4749,HPL
4750,EAP
4751,HPL
4752,MWS
4753,HPL
4754,MWS
4755,HPL
4756,EAP
4757,MWS
4758,EAP
4759,EAP
4760,HPL
4761,MWS
4762,MWS
4763,HPL
4764,EAP
4765,MWS
4766,MWS
4767,EAP
4768,EAP
4769,EAP
4770,EAP
4771,EAP
4772,EAP
4773,EAP
4774,HPL
4775,EAP
4776,HPL
4777,MWS
4778,EAP
4779,HPL
4780,HPL
4781,HPL
4782,MWS
4783,HPL
4784,MWS
4785,EAP
4786,MWS
4787,EAP
4788,EAP
4789,HPL
4790,HPL
4791,MWS
4792,HPL
4793,EAP
4794,HPL
4795,MWS
4796,MWS
4797,HPL
4798,HPL
4799,EAP
4800,HPL
4801,MWS
4802,MWS
4803,EAP
4804,HPL
4805,EAP
4806,HPL
4807,EAP
4808,EAP
4809,MWS
4810,EAP
4811,EAP
4812,MWS
4813,EAP
4814,MWS
4815,EAP
4816,HPL
4817,MWS
4818,HPL
4819,MWS
4820,EAP
4821,MWS
4822,EAP
4823,HPL
4824,EAP
4825,MWS
4826,EAP
4827,MWS
4828,EAP
4829,EAP
4830,HPL
4831,MWS
4832,HPL
4833,MWS
4834,MWS
4835,MWS
4836,HPL
4837,HPL
4838,HPL
4839,HPL
4840,HPL
4841,HPL
4842,EAP
4843,HPL
4844,HPL
4845,MWS
4846,MWS
4847,MWS
4848,HPL
4849,MWS
4850,EAP
4851,EAP
4852,MWS
4853,MWS
4854,HPL
4855,MWS
4856,MWS
4857,MWS
4858,MWS
4859,HPL
4860,HPL
4861,MWS
4862,EAP
4863,HPL
4864,EAP
4865,HPL
4866,HPL
4867,MWS
4868,HPL
4869,HPL
4870,HPL
4871,MWS
4872,MWS
4873,MWS
4874,HPL
4875,EAP
4876,EAP
4877,MWS
4878,EAP
4879,EAP
4880,MWS
4881,HPL
4882,MWS
4883,HPL
4884,MWS
4885,EAP
4886,MWS
4887,EAP
4888,MWS
4889,HPL
4890,HPL
4891,HPL
4892,HPL
4893,HPL
4894,HPL
4895,MWS
4896,EAP
4897,MWS
4898,MWS
4899,MWS
4900,EAP
4901,HPL
4902,MWS
4903,MWS
4904,EAP
4905,MWS
4906,MWS
4907,MWS
4908,HPL
4909,MWS
4910,HPL
4911,MWS
4912,HPL
4913,EAP
4914,MWS
4915,MWS
4916,EAP
4917,HPL
4918,EAP
4919,HPL
4920,EAP
4921,MWS
4922,HPL
4923,MWS
4924,MWS
4925,EAP
4926,MWS
4927,HPL
4928,MWS
4929,EAP
4930,EAP
4931,HPL
4932,EAP
4933,MWS
4934,HPL
4935,HPL
4936,HPL
4937,HPL
4938,HPL
4939,MWS
4940,HPL
4941,HPL
4942,EAP
4943,HPL
4944,EAP
4945,MWS
4946,MWS
4947,MWS
4948,MWS
4949,EAP
4950,HPL
4951,EAP
4952,MWS
4953,EAP
4954,MWS
4955,HPL
4956,MWS
4957,HPL
4958,HPL
4959,EAP
4960,EAP
4961,EAP
4962,EAP
4963,HPL
4964,HPL
4965,MWS
4966,HPL
4967,EAP
4968,HPL
4969,MWS
4970,EAP
4971,EAP
4972,HPL
4973,HPL
4974,MWS
4975,EAP
4976,HPL
4977,MWS
4978,EAP
4979,EAP
4980,HPL
4981,HPL
4982,EAP
4983,EAP
4984,MWS
4985,EAP
4986,HPL
4987,EAP
4988,EAP
4989,MWS
4990,HPL
4991,MWS
4992,HPL
4993,HPL
4994,HPL
4995,HPL
4996,HPL
4997,EAP
4998,EAP
4999,MWS
5000,EAP
